web-scraper-order,fic-href,ship,ship2
1617718580-1351,https://archiveofourown.org/works/9754025,Jisoo Kim,Chaeyoung Park
1617718580-1348,https://archiveofourown.org/works/9754025,Jennie Kim,Lalisa Manoban
1617718585-1357,https://archiveofourown.org/works/9504398,Jisoo Kim,Chaeyoung Park
1617718585-1356,https://archiveofourown.org/works/9504398,Jennie Kim,Lalisa Manoban
1617718577-1347,https://archiveofourown.org/works/9481445,Jennie Kim,Lalisa Manoban
1617718574-1345,https://archiveofourown.org/works/9472475,Jennie Kim,Lalisa Manoban
1617718571-1337,https://archiveofourown.org/works/7910992,Chaeyoung Park,Lalisa Manoban
1617718571-1336,https://archiveofourown.org/works/7910992,Lalisa Manoban,Chaeyoung Park
1617718571-1338,https://archiveofourown.org/works/7910992,Jisoo Kim,Lalisa Manoban
1617718571-1334,https://archiveofourown.org/works/7910992,Jennie Kim,Lalisa Manoban
1617718571-1335,https://archiveofourown.org/works/7910992,Lalisa Manoban,Chaeyoung Park
1617710827-131,https://archiveofourown.org/works/30487980,Jennie Kim,Lalisa Manoban
1617710816-126,https://archiveofourown.org/works/30445104,Jennie Kim,Lalisa Manoban
1617710814-125,https://archiveofourown.org/works/30443148,Jennie Kim,Lalisa Manoban
1617710811-122,https://archiveofourown.org/works/30442842,Jisoo Kim,Chaeyoung Park
1617710811-124,https://archiveofourown.org/works/30442842,Jennie Kim,Lalisa Manoban
1617710800-103,https://archiveofourown.org/works/30426684,Jennie Kim,Lalisa Manoban
1617710794-101,https://archiveofourown.org/works/30402039,Jennie Kim,Lalisa Manoban
1617710792-98,https://archiveofourown.org/works/30380814,Jennie Kim,Jisoo Kim
1617710792-97,https://archiveofourown.org/works/30380814,Jisoo Kim,Lalisa Manoban
1617710792-99,https://archiveofourown.org/works/30380814,Jennie Kim,Lalisa Manoban
1617710792-100,https://archiveofourown.org/works/30380814,Jennie Kim,Jisoo Kim
1617710789-94,https://archiveofourown.org/works/30330471,Jisoo Kim,Chaeyoung Park
1617710789-95,https://archiveofourown.org/works/30330471,Jennie Kim,Lalisa Manoban
1617710775-83,https://archiveofourown.org/works/30285639,Jennie Kim,Lalisa Manoban
1617710767-60,https://archiveofourown.org/works/30258777,Jennie Kim,Lalisa Manoban
1617710767-61,https://archiveofourown.org/works/30258777,Lalisa Manoban,Chaeyoung Park
1617710761-55,https://archiveofourown.org/works/30233832,Jennie Kim,Lalisa Manoban
1617710756-52,https://archiveofourown.org/works/30227463,Jisoo Kim,Lalisa Manoban
1617710756-50,https://archiveofourown.org/works/30227463,Jennie Kim,Jisoo Kim
1617710756-51,https://archiveofourown.org/works/30227463,Jennie Kim,Lalisa Manoban
1617710753-48,https://archiveofourown.org/works/30150810,Jennie Kim,Lalisa Manoban
1617710745-41,https://archiveofourown.org/works/30118086,Jennie Kim,Lalisa Manoban
1617710736-26,https://archiveofourown.org/works/30088311,Jennie Kim,Lalisa Manoban
1617710803-107,https://archiveofourown.org/works/30075633,Jisoo Kim,Lalisa Manoban
1617710803-104,https://archiveofourown.org/works/30075633,Jennie Kim,Lalisa Manoban
1617710803-105,https://archiveofourown.org/works/30075633,Jisoo Kim,Chaeyoung Park
1617710803-106,https://archiveofourown.org/works/30075633,Jennie Kim,Chaeyoung Park
1617710728-9,https://archiveofourown.org/works/30038715,Jennie Kim,Lalisa Manoban
1617710725-7,https://archiveofourown.org/works/30032814,Jisoo Kim,Chaeyoung Park
1617710725-8,https://archiveofourown.org/works/30032814,Jennie Kim,Lalisa Manoban
1617710797-102,https://archiveofourown.org/works/29997561,Jennie Kim,Lalisa Manoban
1617711315-245,https://archiveofourown.org/works/29971836,Jennie Kim,Lalisa Manoban
1617711315-246,https://archiveofourown.org/works/29971836,Jisoo Kim,Chaeyoung Park
1617711312-244,https://archiveofourown.org/works/29917494,Jennie Kim,Lalisa Manoban
1617711304-239,https://archiveofourown.org/works/29802036,Jennie Kim,Lalisa Manoban
1617710833-135,https://archiveofourown.org/works/29800419,Jisoo Kim,Chaeyoung Park
1617710833-134,https://archiveofourown.org/works/29800419,Jennie Kim,Lalisa Manoban
1617711301-238,https://archiveofourown.org/works/29799840,Jennie Kim,Lalisa Manoban
1617710751-46,https://archiveofourown.org/works/29769939,Lalisa Manoban,Chaeyoung Park
1617710751-45,https://archiveofourown.org/works/29769939,Jisoo Kim,Lalisa Manoban
1617710751-44,https://archiveofourown.org/works/29769939,Jennie Kim,Lalisa Manoban
1617711293-225,https://archiveofourown.org/works/29760018,Jennie Kim,Lalisa Manoban
1617711290-222,https://archiveofourown.org/works/29752374,Jennie Kim,Lalisa Manoban
1617711287-221,https://archiveofourown.org/works/29748930,Jennie Kim,Lalisa Manoban
1617711287-220,https://archiveofourown.org/works/29748930,Jennie Kim,Lalisa Manoban
1617711282-218,https://archiveofourown.org/works/29730594,Jennie Kim,Lalisa Manoban
1617711296-230,https://archiveofourown.org/works/29667219,Jennie Kim,Lalisa Manoban
1617711296-231,https://archiveofourown.org/works/29667219,Jisoo Kim,Chaeyoung Park
1617710819-127,https://archiveofourown.org/works/29652783,Jennie Kim,Lalisa Manoban
1617711279-216,https://archiveofourown.org/works/29644962,Jennie Kim,Lalisa Manoban
1617710759-54,https://archiveofourown.org/works/29638068,Jennie Kim,Lalisa Manoban
1617710770-64,https://archiveofourown.org/works/29636208,Jennie Kim,Chaeyoung Park
1617710770-65,https://archiveofourown.org/works/29636208,Lalisa Manoban,Chaeyoung Park
1617710770-63,https://archiveofourown.org/works/29636208,Jennie Kim,Lalisa Manoban
1617711276-213,https://archiveofourown.org/works/29557131,Jennie Kim,Lalisa Manoban
1617711270-207,https://archiveofourown.org/works/29553414,Jennie Kim,Lalisa Manoban
1617710822-128,https://archiveofourown.org/works/29517540,Jennie Kim,Lalisa Manoban
1617710733-18,https://archiveofourown.org/works/29492928,Jisoo Kim,Chaeyoung Park
1617710733-19,https://archiveofourown.org/works/29492928,Jennie Kim,Lalisa Manoban
1617711268-205,https://archiveofourown.org/works/29458893,Jennie Kim,Lalisa Manoban
1617711262-202,https://archiveofourown.org/works/29454525,Jennie Kim,Lalisa Manoban
1617711256-196,https://archiveofourown.org/works/29421741,Jennie Kim,Lalisa Manoban
1617711256-198,https://archiveofourown.org/works/29421741,Jennie Kim,Jisoo Kim
1617711256-197,https://archiveofourown.org/works/29421741,Jisoo Kim,Chaeyoung Park
1617711256-199,https://archiveofourown.org/works/29421741,Lalisa Manoban,Chaeyoung Park
1617710805-112,https://archiveofourown.org/works/29413854,Jennie Kim,Lalisa Manoban
1617710805-113,https://archiveofourown.org/works/29413854,Jennie Kim,Jisoo Kim
1617711245-176,https://archiveofourown.org/works/29351535,Jennie Kim,Lalisa Manoban
1617711239-171,https://archiveofourown.org/works/29335353,Jennie Kim,Lalisa Manoban
1617711242-173,https://archiveofourown.org/works/29330994,Jisoo Kim,Chaeyoung Park
1617711242-172,https://archiveofourown.org/works/29330994,Jennie Kim,Lalisa Manoban
1617711236-170,https://archiveofourown.org/works/29312589,Jisoo Kim,Chaeyoung Park
1617711236-169,https://archiveofourown.org/works/29312589,Jennie Kim,Lalisa Manoban
1617711234-160,https://archiveofourown.org/works/29309208,Jennie Kim,Lalisa Manoban
1617711234-159,https://archiveofourown.org/works/29309208,Jennie Kim,Jisoo Kim
1617711247-178,https://archiveofourown.org/works/29288418,Jennie Kim,Lalisa Manoban
1617711231-158,https://archiveofourown.org/works/29278263,Jennie Kim,Lalisa Manoban
1617711265-203,https://archiveofourown.org/works/29241411,Jennie Kim,Lalisa Manoban
1617711228-157,https://archiveofourown.org/works/29153277,Jennie Kim,Lalisa Manoban
1617711217-144,https://archiveofourown.org/works/29126772,Jennie Kim,Lalisa Manoban
1617711214-142,https://archiveofourown.org/works/29059401,Jennie Kim,Lalisa Manoban
1617711214-143,https://archiveofourown.org/works/29059401,Jennie Kim,Lalisa Manoban
1617711209-140,https://archiveofourown.org/works/29039280,Jennie Kim,Jisoo Kim
1617711209-138,https://archiveofourown.org/works/29039280,Jennie Kim,Lalisa Manoban
1617711206-137,https://archiveofourown.org/works/28972287,Jennie Kim,Lalisa Manoban
1617711203-136,https://archiveofourown.org/works/28953576,Jennie Kim,Lalisa Manoban
1617710824-129,https://archiveofourown.org/works/28933656,Jennie Kim,Lalisa Manoban
1617710824-130,https://archiveofourown.org/works/28933656,Jisoo Kim,Chaeyoung Park
1617711893-370,https://archiveofourown.org/works/28846764,Jennie Kim,Lalisa Manoban
1617711888-368,https://archiveofourown.org/works/28839846,Jennie Kim,Lalisa Manoban
1617711886-367,https://archiveofourown.org/works/28803894,Jennie Kim,Lalisa Manoban
1617711883-366,https://archiveofourown.org/works/28795893,Jennie Kim,Lalisa Manoban
1617710781-85,https://archiveofourown.org/works/28786383,Jennie Kim,Lalisa Manoban
1617710781-87,https://archiveofourown.org/works/28786383,Jisoo Kim,Chaeyoung Park
1617710730-10,https://archiveofourown.org/works/28746714,Jennie Kim,Lalisa Manoban
1617710730-11,https://archiveofourown.org/works/28746714,Jisoo Kim,Chaeyoung Park
1617711902-376,https://archiveofourown.org/works/28732683,Jennie Kim,Lalisa Manoban
1617711902-377,https://archiveofourown.org/works/28732683,Jennie Kim,Lalisa Manoban
1617710742-40,https://archiveofourown.org/works/28691394,Jennie Kim,Lalisa Manoban
1617711872-358,https://archiveofourown.org/works/28674483,Jennie Kim,Lalisa Manoban
1617711869-357,https://archiveofourown.org/works/28669950,Jennie Kim,Lalisa Manoban
1617711852-330,https://archiveofourown.org/works/28625616,Jennie Kim,Jisoo Kim
1617711852-334,https://archiveofourown.org/works/28625616,Jisoo Kim,Lalisa Manoban
1617711852-332,https://archiveofourown.org/works/28625616,Jisoo Kim,Chaeyoung Park
1617711852-333,https://archiveofourown.org/works/28625616,Lalisa Manoban,Chaeyoung Park
1617711852-331,https://archiveofourown.org/works/28625616,Jennie Kim,Lalisa Manoban
1617711273-209,https://archiveofourown.org/works/28592043,Jennie Kim,Lalisa Manoban
1617710808-114,https://archiveofourown.org/works/28487841,Jennie Kim,Lalisa Manoban
1617710808-120,https://archiveofourown.org/works/28487841,Jennie Kim,Lalisa Manoban
1617710808-115,https://archiveofourown.org/works/28487841,Jisoo Kim,Chaeyoung Park
1617711832-299,https://archiveofourown.org/works/28454982,Jennie Kim,Lalisa Manoban
1617711832-300,https://archiveofourown.org/works/28454982,Jisoo Kim,Chaeyoung Park
1617711832-301,https://archiveofourown.org/works/28454982,Lalisa Manoban,Chaeyoung Park
1617710830-132,https://archiveofourown.org/works/28452834,Jennie Kim,Lalisa Manoban
1617710830-133,https://archiveofourown.org/works/28452834,Jisoo Kim,Chaeyoung Park
1617711824-293,https://archiveofourown.org/works/28377603,Jennie Kim,Lalisa Manoban
1617711309-242,https://archiveofourown.org/works/28356975,Jennie Kim,Lalisa Manoban
1617711309-243,https://archiveofourown.org/works/28356975,Jisoo Kim,Chaeyoung Park
1617711819-291,https://archiveofourown.org/works/28350195,Jennie Kim,Lalisa Manoban
1617711816-289,https://archiveofourown.org/works/28339854,Jennie Kim,Lalisa Manoban
1617711814-288,https://archiveofourown.org/works/28317033,Jennie Kim,Lalisa Manoban
1617711864-351,https://archiveofourown.org/works/28264323,Jennie Kim,Lalisa Manoban
1617711864-352,https://archiveofourown.org/works/28264323,Jennie Kim,Lalisa Manoban
1617711808-285,https://archiveofourown.org/works/28176708,Jisoo Kim,Chaeyoung Park
1617711808-284,https://archiveofourown.org/works/28176708,Jennie Kim,Lalisa Manoban
1617711307-241,https://archiveofourown.org/works/28138218,Jisoo Kim,Chaeyoung Park
1617711307-240,https://archiveofourown.org/works/28138218,Jennie Kim,Lalisa Manoban
1617711805-281,https://archiveofourown.org/works/28115010,Jennie Kim,Lalisa Manoban
1617711797-267,https://archiveofourown.org/works/28076505,Jennie Kim,Lalisa Manoban
1617711792-257,https://archiveofourown.org/works/28033047,Jennie Kim,Lalisa Manoban
1617712588-483,https://archiveofourown.org/works/28032828,Jennie Kim,Lalisa Manoban
1617712585-481,https://archiveofourown.org/works/28025241,Jisoo Kim,Chaeyoung Park
1617712585-482,https://archiveofourown.org/works/28025241,Jennie Kim,Lalisa Manoban
1617711841-323,https://archiveofourown.org/works/28010733,Jennie Kim,Lalisa Manoban
1617712580-477,https://archiveofourown.org/works/27970043,Jennie Kim,Lalisa Manoban
1617712575-467,https://archiveofourown.org/works/27949178,Jennie Kim,Lalisa Manoban
1617712569-464,https://archiveofourown.org/works/27911185,Jennie Kim,Lalisa Manoban
1617712577-472,https://archiveofourown.org/works/27903898,Jennie Kim,Lalisa Manoban
1617712577-473,https://archiveofourown.org/works/27903898,Jisoo Kim,Chaeyoung Park
1617711223-153,https://archiveofourown.org/works/27888106,Jisoo Kim,Chaeyoung Park
1617711223-152,https://archiveofourown.org/works/27888106,Jennie Kim,Lalisa Manoban
1617710772-72,https://archiveofourown.org/works/27883177,Jennie Kim,Lalisa Manoban
1617710772-73,https://archiveofourown.org/works/27883177,Jisoo Kim,Chaeyoung Park
1617711800-269,https://archiveofourown.org/works/27873618,Jennie Kim,Lalisa Manoban
1617712566-463,https://archiveofourown.org/works/27807700,Jennie Kim,Lalisa Manoban
1617712566-462,https://archiveofourown.org/works/27807700,Jisoo Kim,Chaeyoung Park
1617712566-461,https://archiveofourown.org/works/27807700,Jisoo Kim,Chaeyoung Park
1617711899-373,https://archiveofourown.org/works/27756967,Jennie Kim,Lalisa Manoban
1617711899-375,https://archiveofourown.org/works/27756967,Jennie Kim,Lalisa Manoban
1617711899-374,https://archiveofourown.org/works/27756967,Jisoo Kim,Chaeyoung Park
1617712561-451,https://archiveofourown.org/works/27729253,Jennie Kim,Lalisa Manoban
1617712555-446,https://archiveofourown.org/works/27665387,Jennie Kim,Lalisa Manoban
1617711225-154,https://archiveofourown.org/works/27655832,Jennie Kim,Lalisa Manoban
1617711225-156,https://archiveofourown.org/works/27655832,Jennie Kim,Lalisa Manoban
1617711225-155,https://archiveofourown.org/works/27655832,Jisoo Kim,Chaeyoung Park
1617711212-141,https://archiveofourown.org/works/27630782,Jennie Kim,Lalisa Manoban
1617711795-262,https://archiveofourown.org/works/27622655,Jisoo Kim,Chaeyoung Park
1617711795-261,https://archiveofourown.org/works/27622655,Jennie Kim,Lalisa Manoban
1617712550-440,https://archiveofourown.org/works/27591728,Jennie Kim,Lalisa Manoban
1617711875-359,https://archiveofourown.org/works/27559327,Jennie Kim,Lalisa Manoban
1617711875-360,https://archiveofourown.org/works/27559327,Jisoo Kim,Chaeyoung Park
1617712544-437,https://archiveofourown.org/works/27549475,Jennie Kim,Lalisa Manoban
1617712583-478,https://archiveofourown.org/works/27531367,Jennie Kim,Lalisa Manoban
1617712583-479,https://archiveofourown.org/works/27531367,Jisoo Kim,Chaeyoung Park
1617712527-425,https://archiveofourown.org/works/27511942,Jennie Kim,Lalisa Manoban
1617712525-424,https://archiveofourown.org/works/27503587,Jennie Kim,Lalisa Manoban
1617711827-294,https://archiveofourown.org/works/27494287,Jennie Kim,Lalisa Manoban
1617710784-90,https://archiveofourown.org/works/27491545,Jisoo Kim,Chaeyoung Park
1617710784-89,https://archiveofourown.org/works/27491545,Jennie Kim,Lalisa Manoban
1617712558-450,https://archiveofourown.org/works/27481069,Jennie Kim,Lalisa Manoban
1617712522-422,https://archiveofourown.org/works/27437620,Jennie Kim,Lalisa Manoban
1617712539-430,https://archiveofourown.org/works/27416131,Jennie Kim,Lalisa Manoban
1617711830-296,https://archiveofourown.org/works/27402889,Jennie Kim,Lalisa Manoban
1617711830-295,https://archiveofourown.org/works/27402889,Jennie Kim,Lalisa Manoban
1617712517-420,https://archiveofourown.org/works/27386182,Jennie Kim,Lalisa Manoban
1617712514-417,https://archiveofourown.org/works/27381493,Jennie Kim,Lalisa Manoban
1617712514-418,https://archiveofourown.org/works/27381493,Jennie Kim,Lalisa Manoban
1617712514-419,https://archiveofourown.org/works/27381493,Jennie Kim,Lalisa Manoban
1617712511-415,https://archiveofourown.org/works/27363925,Jennie Kim,Lalisa Manoban
1617712505-411,https://archiveofourown.org/works/27294502,Lalisa Manoban,Chaeyoung Park
1617712505-410,https://archiveofourown.org/works/27294502,Jennie Kim,Lalisa Manoban
1617711891-369,https://archiveofourown.org/works/27287455,Jennie Kim,Lalisa Manoban
1617712503-407,https://archiveofourown.org/works/27207991,Jennie Kim,Lalisa Manoban
1617712495-399,https://archiveofourown.org/works/27149461,Jisoo Kim,Chaeyoung Park
1617712495-398,https://archiveofourown.org/works/27149461,Jennie Kim,Lalisa Manoban
1617712492-397,https://archiveofourown.org/works/27132143,Jennie Kim,Lalisa Manoban
1617712492-396,https://archiveofourown.org/works/27132143,Jisoo Kim,Chaeyoung Park
1617712489-393,https://archiveofourown.org/works/27081517,Jennie Kim,Lalisa Manoban
1617712489-394,https://archiveofourown.org/works/27081517,Lalisa Manoban,Chaeyoung Park
1617712489-395,https://archiveofourown.org/works/27081517,Jennie Kim,Chaeyoung Park
1617711299-233,https://archiveofourown.org/works/26952265,Jennie Kim,Jisoo Kim
1617711299-235,https://archiveofourown.org/works/26952265,Jisoo Kim,Lalisa Manoban
1617711299-234,https://archiveofourown.org/works/26952265,Jennie Kim,Chaeyoung Park
1617711299-232,https://archiveofourown.org/works/26952265,Jennie Kim,Lalisa Manoban
1617711299-237,https://archiveofourown.org/works/26952265,Lalisa Manoban,Chaeyoung Park
1617711299-236,https://archiveofourown.org/works/26952265,Jisoo Kim,Chaeyoung Park
1617711858-349,https://archiveofourown.org/works/26949319,Jennie Kim,Lalisa Manoban
1617711858-348,https://archiveofourown.org/works/26949319,Jisoo Kim,Chaeyoung Park
1617712483-391,https://archiveofourown.org/works/26932792,Jennie Kim,Lalisa Manoban
1617712480-389,https://archiveofourown.org/works/26930161,Jennie Kim,Lalisa Manoban
1617712478-385,https://archiveofourown.org/works/26849425,Jennie Kim,Lalisa Manoban
1617712478-384,https://archiveofourown.org/works/26849425,Lalisa Manoban,Chaeyoung Park
1617712478-387,https://archiveofourown.org/works/26849425,Jennie Kim,Jisoo Kim
1617713979-583,https://archiveofourown.org/works/26828902,Jennie Kim,Lalisa Manoban
1617713977-580,https://archiveofourown.org/works/26817589,Jisoo Kim,Chaeyoung Park
1617713977-579,https://archiveofourown.org/works/26817589,Jennie Kim,Lalisa Manoban
1617712564-456,https://archiveofourown.org/works/26784712,Jennie Kim,Chaeyoung Park
1617712564-460,https://archiveofourown.org/works/26784712,Lalisa Manoban,Chaeyoung Park
1617712564-458,https://archiveofourown.org/works/26784712,Jennie Kim,Jisoo Kim
1617712564-453,https://archiveofourown.org/works/26784712,Jisoo Kim,Lalisa Manoban
1617712564-459,https://archiveofourown.org/works/26784712,Jennie Kim,Lalisa Manoban
1617713971-567,https://archiveofourown.org/works/26760604,Jennie Kim,Lalisa Manoban
1617711803-276,https://archiveofourown.org/works/26752372,Jennie Kim,Lalisa Manoban
1617711803-279,https://archiveofourown.org/works/26752372,Jennie Kim,Jisoo Kim
1617711803-277,https://archiveofourown.org/works/26752372,Jisoo Kim,Chaeyoung Park
1617713969-566,https://archiveofourown.org/works/26733757,Jisoo Kim,Chaeyoung Park
1617713969-564,https://archiveofourown.org/works/26733757,Jennie Kim,Lalisa Manoban
1617713966-563,https://archiveofourown.org/works/26722819,Jennie Kim,Lalisa Manoban
1617713958-560,https://archiveofourown.org/works/26634223,Jennie Kim,Lalisa Manoban
1617713955-554,https://archiveofourown.org/works/26634136,Jennie Kim,Lalisa Manoban
1617711896-372,https://archiveofourown.org/works/26623324,Jennie Kim,Lalisa Manoban
1617711896-371,https://archiveofourown.org/works/26623324,Jennie Kim,Lalisa Manoban
1617713952-552,https://archiveofourown.org/works/26612800,Jennie Kim,Lalisa Manoban
1617713947-549,https://archiveofourown.org/works/26567155,Lalisa Manoban,Chaeyoung Park
1617713947-548,https://archiveofourown.org/works/26567155,Jennie Kim,Lalisa Manoban
1617715976-823,https://archiveofourown.org/works/26532202,Jennie Kim,Lalisa Manoban
1617717673-1238,https://archiveofourown.org/works/26531644,Jisoo Kim,Chaeyoung Park
1617717673-1237,https://archiveofourown.org/works/26531644,Jennie Kim,Lalisa Manoban
1617717662-1228,https://archiveofourown.org/works/26530843,Jennie Kim,Lalisa Manoban
1617717650-1220,https://archiveofourown.org/works/26514685,Jennie Kim,Lalisa Manoban
1617713945-543,https://archiveofourown.org/works/26512894,Jennie Kim,Lalisa Manoban
1617718106-1271,https://archiveofourown.org/works/26511880,Jennie Kim,Lalisa Manoban
1617713942-542,https://archiveofourown.org/works/26506633,Jennie Kim,Lalisa Manoban
1617713939-541,https://archiveofourown.org/works/26492671,Jisoo Kim,Chaeyoung Park
1617713939-539,https://archiveofourown.org/works/26492671,Jennie Kim,Lalisa Manoban
1617713939-538,https://archiveofourown.org/works/26492671,Jennie Kim,Jisoo Kim
1617713939-537,https://archiveofourown.org/works/26492671,Lalisa Manoban,Chaeyoung Park
1617713934-531,https://archiveofourown.org/works/26387329,Jennie Kim,Lalisa Manoban
1617713923-528,https://archiveofourown.org/works/26335453,Jennie Kim,Lalisa Manoban
1617711253-184,https://archiveofourown.org/works/26332216,Jennie Kim,Lalisa Manoban
1617713928-529,https://archiveofourown.org/works/26285092,Jennie Kim,Lalisa Manoban
1617713921-527,https://archiveofourown.org/works/26211814,Jennie Kim,Lalisa Manoban
1617713918-526,https://archiveofourown.org/works/26208823,Jisoo Kim,Chaeyoung Park
1617713918-525,https://archiveofourown.org/works/26208823,Jennie Kim,Chaeyoung Park
1617713918-524,https://archiveofourown.org/works/26208823,Jisoo Kim,Lalisa Manoban
1617713918-523,https://archiveofourown.org/works/26208823,Jennie Kim,Jisoo Kim
1617713918-522,https://archiveofourown.org/works/26208823,Jennie Kim,Lalisa Manoban
1617713916-520,https://archiveofourown.org/works/26207329,Jennie Kim,Lalisa Manoban
1617713913-519,https://archiveofourown.org/works/26179357,Jennie Kim,Lalisa Manoban
1617711849-327,https://archiveofourown.org/works/26129056,Jennie Kim,Lalisa Manoban
1617713908-517,https://archiveofourown.org/works/26074672,Jennie Kim,Lalisa Manoban
1617713908-516,https://archiveofourown.org/works/26074672,Jisoo Kim,Chaeyoung Park
1617713911-518,https://archiveofourown.org/works/26028517,Jennie Kim,Lalisa Manoban
1617713903-509,https://archiveofourown.org/works/25893721,Jennie Kim,Jisoo Kim
1617713903-508,https://archiveofourown.org/works/25893721,Jennie Kim,Lalisa Manoban
1617713897-502,https://archiveofourown.org/works/25786918,Jennie Kim,Lalisa Manoban
1617711285-219,https://archiveofourown.org/works/25768837,Jennie Kim,Lalisa Manoban
1617712547-439,https://archiveofourown.org/works/25721089,Jennie Kim,Lalisa Manoban
1617713891-497,https://archiveofourown.org/works/25679062,Jennie Kim,Lalisa Manoban
1617713886-495,https://archiveofourown.org/works/25630921,Jennie Kim,Lalisa Manoban
1617713883-494,https://archiveofourown.org/works/25612957,Jennie Kim,Lalisa Manoban
1617713880-493,https://archiveofourown.org/works/25603894,Jennie Kim,Lalisa Manoban
1617712498-402,https://archiveofourown.org/works/25594555,Jisoo Kim,Chaeyoung Park
1617712498-400,https://archiveofourown.org/works/25594555,Jennie Kim,Lalisa Manoban
1617712572-465,https://archiveofourown.org/works/25555051,Jennie Kim,Lalisa Manoban
1617711220-145,https://archiveofourown.org/works/25450606,Jennie Kim,Lalisa Manoban
1617711220-146,https://archiveofourown.org/works/25450606,Jisoo Kim,Chaeyoung Park
1617713878-492,https://archiveofourown.org/works/25414225,Jennie Kim,Lalisa Manoban
1617713875-489,https://archiveofourown.org/works/25404097,Jisoo Kim,Lalisa Manoban
1617713875-488,https://archiveofourown.org/works/25404097,Lalisa Manoban,Chaeyoung Park
1617713875-487,https://archiveofourown.org/works/25404097,Jennie Kim,Chaeyoung Park
1617713875-486,https://archiveofourown.org/works/25404097,Jennie Kim,Jisoo Kim
1617713875-485,https://archiveofourown.org/works/25404097,Jennie Kim,Lalisa Manoban
1617713873-484,https://archiveofourown.org/works/25403596,Jennie Kim,Lalisa Manoban
1617714779-708,https://archiveofourown.org/works/25344046,Jennie Kim,Jisoo Kim
1617714779-707,https://archiveofourown.org/works/25344046,Jennie Kim,Lalisa Manoban
1617713931-530,https://archiveofourown.org/works/25330450,Jennie Kim,Lalisa Manoban
1617712500-404,https://archiveofourown.org/works/25323139,Jennie Kim,Lalisa Manoban
1617714773-695,https://archiveofourown.org/works/25282516,Jennie Kim,Lalisa Manoban
1617714771-694,https://archiveofourown.org/works/25246639,Jennie Kim,Lalisa Manoban
1617712530-427,https://archiveofourown.org/works/25245220,Jisoo Kim,Chaeyoung Park
1617712530-428,https://archiveofourown.org/works/25245220,Jennie Kim,Chaeyoung Park
1617712530-426,https://archiveofourown.org/works/25245220,Jennie Kim,Lalisa Manoban
1617713900-505,https://archiveofourown.org/works/25234123,Jisoo Kim,Chaeyoung Park
1617713900-503,https://archiveofourown.org/works/25234123,Jennie Kim,Lalisa Manoban
1617711822-292,https://archiveofourown.org/works/25113370,Jennie Kim,Lalisa Manoban
1617714765-688,https://archiveofourown.org/works/25106524,Lalisa Manoban,Chaeyoung Park
1617714765-690,https://archiveofourown.org/works/25106524,Jisoo Kim,Lalisa Manoban
1617714765-689,https://archiveofourown.org/works/25106524,Jennie Kim,Lalisa Manoban
1617714760-686,https://archiveofourown.org/works/25052395,Jennie Kim,Lalisa Manoban
1617714757-685,https://archiveofourown.org/works/25051906,Jennie Kim,Lalisa Manoban
1617714752-674,https://archiveofourown.org/works/24961468,Jennie Kim,Lalisa Manoban
1617714752-676,https://archiveofourown.org/works/24961468,Jisoo Kim,Chaeyoung Park
1617714752-682,https://archiveofourown.org/works/24961468,Jennie Kim,Jisoo Kim
1617714752-678,https://archiveofourown.org/works/24961468,Jennie Kim,Chaeyoung Park
1617714752-681,https://archiveofourown.org/works/24961468,Jisoo Kim,Chaeyoung Park
1617714752-677,https://archiveofourown.org/works/24961468,Jennie Kim,Jisoo Kim
1617714752-680,https://archiveofourown.org/works/24961468,Lalisa Manoban,Chaeyoung Park
1617714752-679,https://archiveofourown.org/works/24961468,Jennie Kim,Lalisa Manoban
1617714752-673,https://archiveofourown.org/works/24961468,Jennie Kim,Chaeyoung Park
1617714749-671,https://archiveofourown.org/works/24949426,Jennie Kim,Lalisa Manoban
1617714749-672,https://archiveofourown.org/works/24949426,Jennie Kim,Lalisa Manoban
1617714747-665,https://archiveofourown.org/works/24939520,Jennie Kim,Lalisa Manoban
1617714747-668,https://archiveofourown.org/works/24939520,Lalisa Manoban,Chaeyoung Park
1617714747-664,https://archiveofourown.org/works/24939520,Jennie Kim,Jisoo Kim
1617714747-666,https://archiveofourown.org/works/24939520,Jennie Kim,Jisoo Kim
1617714747-669,https://archiveofourown.org/works/24939520,Jisoo Kim,Lalisa Manoban
1617714747-667,https://archiveofourown.org/works/24939520,Jennie Kim,Chaeyoung Park
1617714747-670,https://archiveofourown.org/works/24939520,Jisoo Kim,Chaeyoung Park
1617714744-663,https://archiveofourown.org/works/24878575,Jennie Kim,Lalisa Manoban
1617711878-361,https://archiveofourown.org/works/24877636,Jennie Kim,Lalisa Manoban
1617713937-535,https://archiveofourown.org/works/24834694,Jennie Kim,Lalisa Manoban
1617714763-687,https://archiveofourown.org/works/24811219,Jennie Kim,Lalisa Manoban
1617714742-661,https://archiveofourown.org/works/24759493,Jennie Kim,Lalisa Manoban
1617714742-662,https://archiveofourown.org/works/24759493,Lalisa Manoban,Chaeyoung Park
1617713961-561,https://archiveofourown.org/works/24611827,Jennie Kim,Lalisa Manoban
1617711838-322,https://archiveofourown.org/works/24573391,Jisoo Kim,Lalisa Manoban
1617711838-318,https://archiveofourown.org/works/24573391,Jennie Kim,Lalisa Manoban
1617711838-320,https://archiveofourown.org/works/24573391,Lalisa Manoban,Chaeyoung Park
1617711838-319,https://archiveofourown.org/works/24573391,Jennie Kim,Jisoo Kim
1617711838-321,https://archiveofourown.org/works/24573391,Jennie Kim,Chaeyoung Park
1617712519-421,https://archiveofourown.org/works/24475726,Jennie Kim,Lalisa Manoban
1617714733-649,https://archiveofourown.org/works/24445828,Jennie Kim,Lalisa Manoban
1617714733-650,https://archiveofourown.org/works/24445828,Jennie Kim,Lalisa Manoban
1617714730-648,https://archiveofourown.org/works/24422767,Jennie Kim,Lalisa Manoban
1617714727-647,https://archiveofourown.org/works/24418399,Jennie Kim,Lalisa Manoban
1617714722-646,https://archiveofourown.org/works/24177181,Jennie Kim,Lalisa Manoban
1617713950-551,https://archiveofourown.org/works/24171316,Jennie Kim,Lalisa Manoban
1617714719-645,https://archiveofourown.org/works/24143497,Jennie Kim,Lalisa Manoban
1617714716-639,https://archiveofourown.org/works/24134254,Jennie Kim,Chaeyoung Park
1617714716-640,https://archiveofourown.org/works/24134254,Jennie Kim,Lalisa Manoban
1617714716-641,https://archiveofourown.org/works/24134254,Jennie Kim,Jisoo Kim
1617714708-630,https://archiveofourown.org/works/24042946,Jennie Kim,Lalisa Manoban
1617714705-629,https://archiveofourown.org/works/23988796,Jennie Kim,Lalisa Manoban
1617714702-622,https://archiveofourown.org/works/23952490,Jennie Kim,Lalisa Manoban
1617714714-638,https://archiveofourown.org/works/23942515,Jennie Kim,Lalisa Manoban
1617714700-616,https://archiveofourown.org/works/23905237,Jennie Kim,Lalisa Manoban
1617714696-614,https://archiveofourown.org/works/23848918,Jennie Kim,Lalisa Manoban
1617714694-613,https://archiveofourown.org/works/23766247,Jennie Kim,Lalisa Manoban
1617712536-429,https://archiveofourown.org/works/23731264,Jennie Kim,Lalisa Manoban
1617714691-611,https://archiveofourown.org/works/23719249,Jisoo Kim,Chaeyoung Park
1617714691-612,https://archiveofourown.org/works/23719249,Jennie Kim,Lalisa Manoban
1617712486-392,https://archiveofourown.org/works/23702050,Jennie Kim,Lalisa Manoban
1617714689-610,https://archiveofourown.org/works/23697949,Jennie Kim,Lalisa Manoban
1617714686-609,https://archiveofourown.org/works/23697826,Jennie Kim,Lalisa Manoban
1617714681-601,https://archiveofourown.org/works/23651317,Jennie Kim,Jisoo Kim
1617714681-603,https://archiveofourown.org/works/23651317,Lalisa Manoban,Chaeyoung Park
1617714681-602,https://archiveofourown.org/works/23651317,Jennie Kim,Lalisa Manoban
1617714678-596,https://archiveofourown.org/works/23632021,Jennie Kim,Lalisa Manoban
1617714675-588,https://archiveofourown.org/works/23610388,Jisoo Kim,Lalisa Manoban
1617714675-592,https://archiveofourown.org/works/23610388,Jisoo Kim,Chaeyoung Park
1617714675-590,https://archiveofourown.org/works/23610388,Jennie Kim,Jisoo Kim
1617714675-591,https://archiveofourown.org/works/23610388,Jennie Kim,Lalisa Manoban
1617714675-587,https://archiveofourown.org/works/23610388,Jennie Kim,Chaeyoung Park
1617714675-589,https://archiveofourown.org/works/23610388,Lalisa Manoban,Chaeyoung Park
1617714672-586,https://archiveofourown.org/works/23577715,Jennie Kim,Lalisa Manoban
1617714669-585,https://archiveofourown.org/works/23572378,Jennie Kim,Lalisa Manoban
1617715683-802,https://archiveofourown.org/works/23542228,Jennie Kim,Lalisa Manoban
1617715675-796,https://archiveofourown.org/works/23459992,Jennie Kim,Lalisa Manoban
1617715675-795,https://archiveofourown.org/works/23459992,Jisoo Kim,Chaeyoung Park
1617711250-179,https://archiveofourown.org/works/23430949,Jennie Kim,Lalisa Manoban
1617710739-39,https://archiveofourown.org/works/23427904,Jennie Kim,Lalisa Manoban
1617715670-792,https://archiveofourown.org/works/23426398,Jennie Kim,Lalisa Manoban
1617715667-791,https://archiveofourown.org/works/23416387,Jennie Kim,Lalisa Manoban
1617715664-790,https://archiveofourown.org/works/23415181,Jennie Kim,Lalisa Manoban
1617714683-608,https://archiveofourown.org/works/23371759,Jennie Kim,Lalisa Manoban
1617714683-607,https://archiveofourown.org/works/23371759,Jennie Kim,Lalisa Manoban
1617715661-789,https://archiveofourown.org/works/23364136,Jennie Kim,Lalisa Manoban
1617715656-786,https://archiveofourown.org/works/23355145,Jennie Kim,Lalisa Manoban
1617715653-784,https://archiveofourown.org/works/23308960,Jennie Kim,Lalisa Manoban
1617715653-785,https://archiveofourown.org/works/23308960,Jisoo Kim,Chaeyoung Park
1617715647-782,https://archiveofourown.org/works/23197504,Jennie Kim,Lalisa Manoban
1617715642-778,https://archiveofourown.org/works/23073628,Jennie Kim,Lalisa Manoban
1617714755-684,https://archiveofourown.org/works/23067697,Jennie Kim,Lalisa Manoban
1617715681-798,https://archiveofourown.org/works/22923085,Jennie Kim,Lalisa Manoban
1617715645-781,https://archiveofourown.org/works/22916242,Jennie Kim,Lalisa Manoban
1617715631-774,https://archiveofourown.org/works/22907587,Jennie Kim,Lalisa Manoban
1617715659-787,https://archiveofourown.org/works/22904014,Jennie Kim,Lalisa Manoban
1617715626-773,https://archiveofourown.org/works/22892398,Jennie Kim,Lalisa Manoban
1617715623-769,https://archiveofourown.org/works/22864282,Jennie Kim,Lalisa Manoban
1617715673-793,https://archiveofourown.org/works/22836340,Jennie Kim,Lalisa Manoban
1617715673-794,https://archiveofourown.org/works/22836340,Jisoo Kim,Chaeyoung Park
1617715614-748,https://archiveofourown.org/works/22728112,Jennie Kim,Lalisa Manoban
1617715609-746,https://archiveofourown.org/works/22686562,Jennie Kim,Lalisa Manoban
1617711881-365,https://archiveofourown.org/works/22675240,Jennie Kim,Lalisa Manoban
1617715606-744,https://archiveofourown.org/works/22632379,Jennie Kim,Lalisa Manoban
1617715606-745,https://archiveofourown.org/works/22632379,Jisoo Kim,Chaeyoung Park
1617710723-5,https://archiveofourown.org/works/22514662,Jennie Kim,Lalisa Manoban
1617715600-742,https://archiveofourown.org/works/22480876,Jennie Kim,Lalisa Manoban
1617715598-741,https://archiveofourown.org/works/22480765,Jennie Kim,Lalisa Manoban
1617715595-740,https://archiveofourown.org/works/22477279,Jennie Kim,Lalisa Manoban
1617715593-739,https://archiveofourown.org/works/22473937,Jennie Kim,Lalisa Manoban
1617715590-738,https://archiveofourown.org/works/22434478,Jennie Kim,Lalisa Manoban
1617715588-737,https://archiveofourown.org/works/22343689,Jennie Kim,Lalisa Manoban
1617715612-747,https://archiveofourown.org/works/22275784,Jennie Kim,Lalisa Manoban
1617715585-736,https://archiveofourown.org/works/22263970,Jennie Kim,Lalisa Manoban
1617715603-743,https://archiveofourown.org/works/22257823,Jennie Kim,Lalisa Manoban
1617715583-735,https://archiveofourown.org/works/22251253,Jennie Kim,Lalisa Manoban
1617715580-733,https://archiveofourown.org/works/22178341,Jennie Kim,Lalisa Manoban
1617715580-734,https://archiveofourown.org/works/22178341,Jisoo Kim,Chaeyoung Park
1617713906-515,https://archiveofourown.org/works/22113868,Jennie Kim,Chaeyoung Park
1617713906-514,https://archiveofourown.org/works/22113868,Jisoo Kim,Lalisa Manoban
1617713906-513,https://archiveofourown.org/works/22113868,Jennie Kim,Lalisa Manoban
1617713906-512,https://archiveofourown.org/works/22113868,Jisoo Kim,Chaeyoung Park
1617713906-511,https://archiveofourown.org/works/22113868,Lalisa Manoban,Chaeyoung Park
1617713906-510,https://archiveofourown.org/works/22113868,Jennie Kim,Jisoo Kim
1617715578-728,https://archiveofourown.org/works/22106257,Jennie Kim,Lalisa Manoban
1617716063-895,https://archiveofourown.org/works/22046872,Jennie Kim,Lalisa Manoban
1617716060-893,https://archiveofourown.org/works/21964546,Jisoo Kim,Chaeyoung Park
1617716060-892,https://archiveofourown.org/works/21964546,Jennie Kim,Lalisa Manoban
1617716058-891,https://archiveofourown.org/works/21937672,Jennie Kim,Lalisa Manoban
1617715637-776,https://archiveofourown.org/works/21911470,Jennie Kim,Lalisa Manoban
1617716055-887,https://archiveofourown.org/works/21909799,Lalisa Manoban,Chaeyoung Park
1617716055-888,https://archiveofourown.org/works/21909799,Jennie Kim,Jisoo Kim
1617716055-889,https://archiveofourown.org/works/21909799,Jennie Kim,Lalisa Manoban
1617716055-890,https://archiveofourown.org/works/21909799,Jennie Kim,Chaeyoung Park
1617716052-886,https://archiveofourown.org/works/21881866,Jennie Kim,Lalisa Manoban
1617716050-884,https://archiveofourown.org/works/21869776,Jennie Kim,Lalisa Manoban
1617716047-883,https://archiveofourown.org/works/21859291,Jennie Kim,Lalisa Manoban
1617716039-866,https://archiveofourown.org/works/21807379,Lalisa Manoban,Chaeyoung Park
1617716039-869,https://archiveofourown.org/works/21807379,Jennie Kim,Jisoo Kim
1617716039-867,https://archiveofourown.org/works/21807379,Jennie Kim,Lalisa Manoban
1617716039-868,https://archiveofourown.org/works/21807379,Jisoo Kim,Lalisa Manoban
1617716039-870,https://archiveofourown.org/works/21807379,Jennie Kim,Chaeyoung Park
1617716039-871,https://archiveofourown.org/works/21807379,Jisoo Kim,Chaeyoung Park
1617716036-858,https://archiveofourown.org/works/21778672,Jennie Kim,Lalisa Manoban
1617716042-879,https://archiveofourown.org/works/21761161,Lalisa Manoban,Chaeyoung Park
1617716042-876,https://archiveofourown.org/works/21761161,Jennie Kim,Chaeyoung Park
1617716042-874,https://archiveofourown.org/works/21761161,Jennie Kim,Lalisa Manoban
1617716042-880,https://archiveofourown.org/works/21761161,Jennie Kim,Jisoo Kim
1617716042-877,https://archiveofourown.org/works/21761161,Jisoo Kim,Lalisa Manoban
1617716042-875,https://archiveofourown.org/works/21761161,Jennie Kim,Jisoo Kim
1617716042-878,https://archiveofourown.org/works/21761161,Jisoo Kim,Chaeyoung Park
1617713964-562,https://archiveofourown.org/works/21671605,Jennie Kim,Lalisa Manoban
1617716033-853,https://archiveofourown.org/works/21658123,Jennie Kim,Lalisa Manoban
1617715640-777,https://archiveofourown.org/works/21625411,Jennie Kim,Lalisa Manoban
1617716031-852,https://archiveofourown.org/works/21541669,Jennie Kim,Lalisa Manoban
1617716045-881,https://archiveofourown.org/works/21526144,Jennie Kim,Lalisa Manoban
1617714739-659,https://archiveofourown.org/works/21526126,Jisoo Kim,Lalisa Manoban
1617714739-660,https://archiveofourown.org/works/21526126,Jennie Kim,Jisoo Kim
1617714739-657,https://archiveofourown.org/works/21526126,Lalisa Manoban,Chaeyoung Park
1617714739-655,https://archiveofourown.org/works/21526126,Jennie Kim,Chaeyoung Park
1617714739-656,https://archiveofourown.org/works/21526126,Jennie Kim,Jisoo Kim
1617714739-653,https://archiveofourown.org/works/21526126,Jennie Kim,Lalisa Manoban
1617714739-658,https://archiveofourown.org/works/21526126,Jisoo Kim,Chaeyoung Park
1617711844-324,https://archiveofourown.org/works/21472945,Jennie Kim,Lalisa Manoban
1617711844-325,https://archiveofourown.org/works/21472945,Jisoo Kim,Chaeyoung Park
1617716028-851,https://archiveofourown.org/works/21414382,Jennie Kim,Lalisa Manoban
1617716023-849,https://archiveofourown.org/works/21393736,Jennie Kim,Lalisa Manoban
1617716026-850,https://archiveofourown.org/works/21390571,Jennie Kim,Lalisa Manoban
1617716017-847,https://archiveofourown.org/works/21304613,Jennie Kim,Lalisa Manoban
1617716015-846,https://archiveofourown.org/works/21262502,Jennie Kim,Lalisa Manoban
1617711835-314,https://archiveofourown.org/works/21246563,Jisoo Kim,Chaeyoung Park
1617711835-313,https://archiveofourown.org/works/21246563,Jennie Kim,Lalisa Manoban
1617716012-845,https://archiveofourown.org/works/21234083,Jennie Kim,Lalisa Manoban
1617716020-848,https://archiveofourown.org/works/21221816,Jennie Kim,Lalisa Manoban
1617712508-414,https://archiveofourown.org/works/21214325,Jisoo Kim,Chaeyoung Park
1617712508-413,https://archiveofourown.org/works/21214325,Jennie Kim,Lalisa Manoban
1617715996-832,https://archiveofourown.org/works/21094727,Jennie Kim,Lalisa Manoban
1617715993-831,https://archiveofourown.org/works/21076466,Jisoo Kim,Chaeyoung Park
1617715993-830,https://archiveofourown.org/works/21076466,Jennie Kim,Lalisa Manoban
1617715991-829,https://archiveofourown.org/works/21067844,Jennie Kim,Lalisa Manoban
1617715988-828,https://archiveofourown.org/works/21062825,Jennie Kim,Lalisa Manoban
1617715986-827,https://archiveofourown.org/works/21049829,Jennie Kim,Lalisa Manoban
1617716004-843,https://archiveofourown.org/works/21023423,Jennie Kim,Lalisa Manoban
1617715983-826,https://archiveofourown.org/works/21023015,Jennie Kim,Lalisa Manoban
1617713894-501,https://archiveofourown.org/works/20995772,Jennie Kim,Jisoo Kim
1617713894-500,https://archiveofourown.org/works/20995772,Lalisa Manoban,Chaeyoung Park
1617713894-499,https://archiveofourown.org/works/20995772,Jisoo Kim,Lalisa Manoban
1617713894-498,https://archiveofourown.org/works/20995772,Jennie Kim,Lalisa Manoban
1617715999-841,https://archiveofourown.org/works/20980661,Jennie Kim,Jisoo Kim
1617715999-837,https://archiveofourown.org/works/20980661,Jennie Kim,Jisoo Kim
1617715999-834,https://archiveofourown.org/works/20980661,Lalisa Manoban,Chaeyoung Park
1617715999-838,https://archiveofourown.org/works/20980661,Jisoo Kim,Lalisa Manoban
1617715999-836,https://archiveofourown.org/works/20980661,Jennie Kim,Chaeyoung Park
1617715999-835,https://archiveofourown.org/works/20980661,Jisoo Kim,Chaeyoung Park
1617715999-839,https://archiveofourown.org/works/20980661,Jennie Kim,Lalisa Manoban
1617715981-825,https://archiveofourown.org/works/20963648,Jennie Kim,Lalisa Manoban
1617715970-811,https://archiveofourown.org/works/20832263,Jennie Kim,Lalisa Manoban
1617715962-807,https://archiveofourown.org/works/20752844,Jennie Kim,Lalisa Manoban
1617715959-805,https://archiveofourown.org/works/20552816,Jennie Kim,Lalisa Manoban
1617714711-632,https://archiveofourown.org/works/20537294,Jennie Kim,Lalisa Manoban
1617711861-350,https://archiveofourown.org/works/20476253,Jennie Kim,Lalisa Manoban
1617715650-783,https://archiveofourown.org/works/20475563,Jennie Kim,Lalisa Manoban
1617715956-804,https://archiveofourown.org/works/20455616,Lalisa Manoban,Chaeyoung Park
1617715956-803,https://archiveofourown.org/works/20455616,Jennie Kim,Lalisa Manoban
1617716549-1036,https://archiveofourown.org/works/20414125,Jennie Kim,Lalisa Manoban
1617716547-1035,https://archiveofourown.org/works/20397169,Jennie Kim,Lalisa Manoban
1617716544-1029,https://archiveofourown.org/works/20314390,Jennie Kim,Jisoo Kim
1617716544-1031,https://archiveofourown.org/works/20314390,Lalisa Manoban,Chaeyoung Park
1617716544-1032,https://archiveofourown.org/works/20314390,Jisoo Kim,Chaeyoung Park
1617716544-1034,https://archiveofourown.org/works/20314390,Jennie Kim,Jisoo Kim
1617716544-1028,https://archiveofourown.org/works/20314390,Jennie Kim,Lalisa Manoban
1617716544-1030,https://archiveofourown.org/works/20314390,Jisoo Kim,Lalisa Manoban
1617716544-1033,https://archiveofourown.org/works/20314390,Jennie Kim,Chaeyoung Park
1617715968-810,https://archiveofourown.org/works/20302105,Jennie Kim,Lalisa Manoban
1617715634-775,https://archiveofourown.org/works/20218456,Jennie Kim,Lalisa Manoban
1617716538-1025,https://archiveofourown.org/works/20192791,Jisoo Kim,Chaeyoung Park
1617716538-1024,https://archiveofourown.org/works/20192791,Jennie Kim,Lalisa Manoban
1617716535-1022,https://archiveofourown.org/works/20192590,Jennie Kim,Lalisa Manoban
1617716533-1021,https://archiveofourown.org/works/20145511,Jennie Kim,Lalisa Manoban
1617716007-844,https://archiveofourown.org/works/19995634,Jennie Kim,Lalisa Manoban
1617716541-1027,https://archiveofourown.org/works/19967959,Jennie Kim,Lalisa Manoban
1617716530-1013,https://archiveofourown.org/works/19919503,Jennie Kim,Lalisa Manoban
1617716528-1011,https://archiveofourown.org/works/19802014,Jennie Kim,Lalisa Manoban
1617716508-991,https://archiveofourown.org/works/19800586,Jennie Kim,Lalisa Manoban
1617716510-993,https://archiveofourown.org/works/19776520,Jisoo Kim,Lalisa Manoban
1617716510-994,https://archiveofourown.org/works/19776520,Lalisa Manoban,Chaeyoung Park
1617716510-992,https://archiveofourown.org/works/19776520,Jennie Kim,Lalisa Manoban
1617712553-442,https://archiveofourown.org/works/19747831,Jisoo Kim,Chaeyoung Park
1617712553-441,https://archiveofourown.org/works/19747831,Jennie Kim,Lalisa Manoban
1617715978-824,https://archiveofourown.org/works/19711237,Jennie Kim,Lalisa Manoban
1617716505-990,https://archiveofourown.org/works/19587949,Jennie Kim,Lalisa Manoban
1617716500-985,https://archiveofourown.org/works/19348315,Jennie Kim,Jisoo Kim
1617716500-982,https://archiveofourown.org/works/19348315,Jisoo Kim,Chaeyoung Park
1617716500-979,https://archiveofourown.org/works/19348315,Jennie Kim,Lalisa Manoban
1617716500-981,https://archiveofourown.org/works/19348315,Lalisa Manoban,Chaeyoung Park
1617716500-980,https://archiveofourown.org/works/19348315,Jisoo Kim,Lalisa Manoban
1617716500-983,https://archiveofourown.org/works/19348315,Jennie Kim,Jisoo Kim
1617716500-984,https://archiveofourown.org/works/19348315,Jennie Kim,Chaeyoung Park
1617716497-978,https://archiveofourown.org/works/19343956,Jennie Kim,Lalisa Manoban
1617716516-998,https://archiveofourown.org/works/19337887,Jennie Kim,Lalisa Manoban
1617716491-973,https://archiveofourown.org/works/19330966,Jennie Kim,Chaeyoung Park
1617716491-969,https://archiveofourown.org/works/19330966,Jennie Kim,Lalisa Manoban
1617716491-970,https://archiveofourown.org/works/19330966,Jisoo Kim,Lalisa Manoban
1617716491-972,https://archiveofourown.org/works/19330966,Jennie Kim,Jisoo Kim
1617716491-968,https://archiveofourown.org/works/19330966,Lalisa Manoban,Chaeyoung Park
1617716491-975,https://archiveofourown.org/works/19330966,Jisoo Kim,Chaeyoung Park
1617716489-967,https://archiveofourown.org/works/19318300,Jennie Kim,Lalisa Manoban
1617716486-965,https://archiveofourown.org/works/19312315,Jisoo Kim,Lalisa Manoban
1617716486-966,https://archiveofourown.org/works/19312315,Jennie Kim,Lalisa Manoban
1617716484-959,https://archiveofourown.org/works/19307725,Jisoo Kim,Lalisa Manoban
1617716484-957,https://archiveofourown.org/works/19307725,Jennie Kim,Chaeyoung Park
1617716484-956,https://archiveofourown.org/works/19307725,Jennie Kim,Lalisa Manoban
1617716484-960,https://archiveofourown.org/works/19307725,Jisoo Kim,Chaeyoung Park
1617716484-955,https://archiveofourown.org/works/19307725,Jennie Kim,Jisoo Kim
1617716484-962,https://archiveofourown.org/works/19307725,Lalisa Manoban,Chaeyoung Park
1617716513-995,https://archiveofourown.org/works/19288504,Jennie Kim,Lalisa Manoban
1617716513-996,https://archiveofourown.org/works/19288504,Jisoo Kim,Chaeyoung Park
1617716478-953,https://archiveofourown.org/works/19273378,Jennie Kim,Lalisa Manoban
1617716476-947,https://archiveofourown.org/works/19266796,Jisoo Kim,Lalisa Manoban
1617716476-945,https://archiveofourown.org/works/19266796,Jisoo Kim,Chaeyoung Park
1617716476-944,https://archiveofourown.org/works/19266796,Lalisa Manoban,Chaeyoung Park
1617716476-943,https://archiveofourown.org/works/19266796,Jennie Kim,Lalisa Manoban
1617716476-942,https://archiveofourown.org/works/19266796,Jennie Kim,Jisoo Kim
1617716476-946,https://archiveofourown.org/works/19266796,Jennie Kim,Chaeyoung Park
1617716473-941,https://archiveofourown.org/works/19138714,Jennie Kim,Lalisa Manoban
1617716471-938,https://archiveofourown.org/works/19132795,Jennie Kim,Lalisa Manoban
1617716471-939,https://archiveofourown.org/works/19132795,Jisoo Kim,Lalisa Manoban
1617716471-940,https://archiveofourown.org/works/19132795,Lalisa Manoban,Chaeyoung Park
1617716471-937,https://archiveofourown.org/works/19132795,Jennie Kim,Jisoo Kim
1617716468-936,https://archiveofourown.org/works/19121881,Jennie Kim,Lalisa Manoban
1617716466-935,https://archiveofourown.org/works/19116421,Jennie Kim,Lalisa Manoban
1617716463-934,https://archiveofourown.org/works/19111228,Jennie Kim,Lalisa Manoban
1617716461-933,https://archiveofourown.org/works/19101595,Jennie Kim,Lalisa Manoban
1617716458-927,https://archiveofourown.org/works/19065718,Jennie Kim,Lalisa Manoban
1617716458-930,https://archiveofourown.org/works/19065718,Jennie Kim,Jisoo Kim
1617716458-932,https://archiveofourown.org/works/19065718,Jennie Kim,Chaeyoung Park
1617716458-925,https://archiveofourown.org/works/19065718,Jisoo Kim,Chaeyoung Park
1617716458-928,https://archiveofourown.org/works/19065718,Jisoo Kim,Lalisa Manoban
1617716458-924,https://archiveofourown.org/works/19065718,Lalisa Manoban,Chaeyoung Park
1617716453-914,https://archiveofourown.org/works/19031203,Jennie Kim,Lalisa Manoban
1617716522-1006,https://archiveofourown.org/works/19022176,Jennie Kim,Lalisa Manoban
1617716522-1007,https://archiveofourown.org/works/19022176,Jisoo Kim,Chaeyoung Park
1617715964-808,https://archiveofourown.org/works/19017622,Jennie Kim,Lalisa Manoban
1617715964-809,https://archiveofourown.org/works/19017622,Jisoo Kim,Chaeyoung Park
1617716519-1001,https://archiveofourown.org/works/19016452,Jennie Kim,Jisoo Kim
1617716519-1000,https://archiveofourown.org/works/19016452,Jisoo Kim,Lalisa Manoban
1617716519-999,https://archiveofourown.org/works/19016452,Jennie Kim,Lalisa Manoban
1617716450-913,https://archiveofourown.org/works/19016269,Jennie Kim,Lalisa Manoban
1617716448-912,https://archiveofourown.org/works/19000375,Jennie Kim,Lalisa Manoban
1617716443-907,https://archiveofourown.org/works/18929767,Lalisa Manoban,Chaeyoung Park
1617716443-906,https://archiveofourown.org/works/18929767,Jennie Kim,Lalisa Manoban
1617716446-910,https://archiveofourown.org/works/18912091,Jisoo Kim,Chaeyoung Park
1617716446-911,https://archiveofourown.org/works/18912091,Jennie Kim,Lalisa Manoban
1617717025-1149,https://archiveofourown.org/works/18859174,Jennie Kim,Lalisa Manoban
1617716456-921,https://archiveofourown.org/works/18853405,Jennie Kim,Chaeyoung Park
1617716456-915,https://archiveofourown.org/works/18853405,Lalisa Manoban,Chaeyoung Park
1617716456-916,https://archiveofourown.org/works/18853405,Jisoo Kim,Chaeyoung Park
1617716456-918,https://archiveofourown.org/works/18853405,Jennie Kim,Lalisa Manoban
1617716456-922,https://archiveofourown.org/works/18853405,Jisoo Kim,Lalisa Manoban
1617716456-919,https://archiveofourown.org/works/18853405,Jennie Kim,Jisoo Kim
1617715678-797,https://archiveofourown.org/works/18789640,Jennie Kim,Lalisa Manoban
1617714768-692,https://archiveofourown.org/works/18765241,Jisoo Kim,Chaeyoung Park
1617714768-691,https://archiveofourown.org/works/18765241,Jennie Kim,Lalisa Manoban
1617717027-1150,https://archiveofourown.org/works/18725458,Jennie Kim,Lalisa Manoban
1617717019-1146,https://archiveofourown.org/works/18627394,Jennie Kim,Lalisa Manoban
1617717016-1144,https://archiveofourown.org/works/18558901,Jisoo Kim,Chaeyoung Park
1617717016-1143,https://archiveofourown.org/works/18558901,Jennie Kim,Lalisa Manoban
1617715620-762,https://archiveofourown.org/works/18543289,Jisoo Kim,Lalisa Manoban
1617715620-760,https://archiveofourown.org/works/18543289,Jennie Kim,Lalisa Manoban
1617715620-761,https://archiveofourown.org/works/18543289,Jennie Kim,Jisoo Kim
1617715620-763,https://archiveofourown.org/works/18543289,Jisoo Kim,Chaeyoung Park
1617715620-764,https://archiveofourown.org/works/18543289,Lalisa Manoban,Chaeyoung Park
1617715620-759,https://archiveofourown.org/works/18543289,Jennie Kim,Chaeyoung Park
1617717013-1135,https://archiveofourown.org/works/18534787,Jennie Kim,Lalisa Manoban
1617716524-1010,https://archiveofourown.org/works/18507544,Jennie Kim,Lalisa Manoban
1617717011-1133,https://archiveofourown.org/works/18482641,Jennie Kim,Lalisa Manoban
1617717005-1128,https://archiveofourown.org/works/18452453,Lalisa Manoban,Chaeyoung Park
1617717005-1126,https://archiveofourown.org/works/18452453,Jennie Kim,Lalisa Manoban
1617717005-1127,https://archiveofourown.org/works/18452453,Jisoo Kim,Lalisa Manoban
1617717003-1125,https://archiveofourown.org/works/18418277,Jennie Kim,Lalisa Manoban
1617717000-1124,https://archiveofourown.org/works/18327995,Jennie Kim,Lalisa Manoban
1617716998-1123,https://archiveofourown.org/works/18315431,Jennie Kim,Lalisa Manoban
1617716995-1120,https://archiveofourown.org/works/18242447,Jennie Kim,Lalisa Manoban
1617716995-1121,https://archiveofourown.org/works/18242447,Jisoo Kim,Lalisa Manoban
1617714736-652,https://archiveofourown.org/works/18181169,Jisoo Kim,Chaeyoung Park
1617714736-651,https://archiveofourown.org/works/18181169,Jennie Kim,Lalisa Manoban
1617716992-1118,https://archiveofourown.org/works/18171644,Jennie Kim,Lalisa Manoban
1617716992-1117,https://archiveofourown.org/works/18171644,Lalisa Manoban,Chaeyoung Park
1617716992-1119,https://archiveofourown.org/works/18171644,Jisoo Kim,Chaeyoung Park
1617716992-1116,https://archiveofourown.org/works/18171644,Jennie Kim,Jisoo Kim
1617716482-954,https://archiveofourown.org/works/18147083,Jennie Kim,Lalisa Manoban
1617716990-1115,https://archiveofourown.org/works/18124307,Jennie Kim,Lalisa Manoban
1617716987-1114,https://archiveofourown.org/works/18113006,Jennie Kim,Lalisa Manoban
1617716981-1103,https://archiveofourown.org/works/18063596,Jennie Kim,Lalisa Manoban
1617716979-1102,https://archiveofourown.org/works/18051302,Jennie Kim,Lalisa Manoban
1617716976-1100,https://archiveofourown.org/works/18033053,Jennie Kim,Lalisa Manoban
1617716976-1101,https://archiveofourown.org/works/18033053,Jennie Kim,Jisoo Kim
1617716965-1074,https://archiveofourown.org/works/17972300,Jennie Kim,Lalisa Manoban
1617716963-1073,https://archiveofourown.org/works/17949026,Jennie Kim,Jisoo Kim
1617716963-1072,https://archiveofourown.org/works/17949026,Jennie Kim,Lalisa Manoban
1617716960-1070,https://archiveofourown.org/works/17931680,Jennie Kim,Lalisa Manoban
1617716957-1069,https://archiveofourown.org/works/17897393,Jennie Kim,Lalisa Manoban
1617716955-1068,https://archiveofourown.org/works/17896724,Jennie Kim,Lalisa Manoban
1617716952-1067,https://archiveofourown.org/works/17883785,Jennie Kim,Lalisa Manoban
1617710764-56,https://archiveofourown.org/works/17859437,Jennie Kim,Lalisa Manoban
1617710764-57,https://archiveofourown.org/works/17859437,Lalisa Manoban,Chaeyoung Park
1617717022-1147,https://archiveofourown.org/works/17780999,Jennie Kim,Lalisa Manoban
1617716950-1064,https://archiveofourown.org/works/17752610,Jennie Kim,Lalisa Manoban
1617716947-1062,https://archiveofourown.org/works/17743994,Jennie Kim,Jisoo Kim
1617716947-1061,https://archiveofourown.org/works/17743994,Jisoo Kim,Chaeyoung Park
1617716947-1060,https://archiveofourown.org/works/17743994,Jennie Kim,Lalisa Manoban
1617716947-1063,https://archiveofourown.org/works/17743994,Lalisa Manoban,Chaeyoung Park
1617711811-287,https://archiveofourown.org/works/17732303,Jisoo Kim,Chaeyoung Park
1617711811-286,https://archiveofourown.org/works/17732303,Jennie Kim,Lalisa Manoban
1617712541-434,https://archiveofourown.org/works/17614016,Jennie Kim,Lalisa Manoban
1617716938-1054,https://archiveofourown.org/works/17403803,Jennie Kim,Lalisa Manoban
1617716944-1059,https://archiveofourown.org/works/17379620,Jennie Kim,Lalisa Manoban
1617716930-1044,https://archiveofourown.org/works/17259011,Jennie Kim,Lalisa Manoban
1617716927-1043,https://archiveofourown.org/works/17240522,Jennie Kim,Lalisa Manoban
1617716935-1049,https://archiveofourown.org/works/17235158,Lalisa Manoban,Chaeyoung Park
1617716935-1051,https://archiveofourown.org/works/17235158,Jisoo Kim,Chaeyoung Park
1617716935-1052,https://archiveofourown.org/works/17235158,Jennie Kim,Jisoo Kim
1617716935-1050,https://archiveofourown.org/works/17235158,Jisoo Kim,Lalisa Manoban
1617716935-1048,https://archiveofourown.org/works/17235158,Jennie Kim,Lalisa Manoban
1617716924-1042,https://archiveofourown.org/works/17200841,Jennie Kim,Lalisa Manoban
1617716922-1040,https://archiveofourown.org/works/17192945,Jennie Kim,Lalisa Manoban
1617716922-1041,https://archiveofourown.org/works/17192945,Jennie Kim,Jisoo Kim
1617716919-1039,https://archiveofourown.org/works/17158418,Jennie Kim,Lalisa Manoban
1617716919-1037,https://archiveofourown.org/works/17158418,Jisoo Kim,Chaeyoung Park
1617716933-1047,https://archiveofourown.org/works/17145515,Jennie Kim,Lalisa Manoban
1617717693-1262,https://archiveofourown.org/works/17101214,Jennie Kim,Lalisa Manoban
1617717690-1261,https://archiveofourown.org/works/17002764,Jennie Kim,Lalisa Manoban
1617717685-1254,https://archiveofourown.org/works/16849585,Jennie Kim,Lalisa Manoban
1617717682-1248,https://archiveofourown.org/works/16816576,Jisoo Kim,Chaeyoung Park
1617717682-1247,https://archiveofourown.org/works/16816576,Jennie Kim,Lalisa Manoban
1617710786-92,https://archiveofourown.org/works/16811086,Jennie Kim,Lalisa Manoban
1617710786-91,https://archiveofourown.org/works/16811086,Jisoo Kim,Lalisa Manoban
1617710786-93,https://archiveofourown.org/works/16811086,Jisoo Kim,Chaeyoung Park
1617717676-1239,https://archiveofourown.org/works/16336292,Jennie Kim,Lalisa Manoban
1617717676-1240,https://archiveofourown.org/works/16336292,Jisoo Kim,Chaeyoung Park
1617717664-1230,https://archiveofourown.org/works/16328936,Jisoo Kim,Chaeyoung Park
1617717664-1229,https://archiveofourown.org/works/16328936,Jennie Kim,Lalisa Manoban
1617717679-1241,https://archiveofourown.org/works/16202663,Jennie Kim,Lalisa Manoban
1617717653-1221,https://archiveofourown.org/works/16112588,Jennie Kim,Lalisa Manoban
1617717642-1212,https://archiveofourown.org/works/16112573,Jennie Kim,Lalisa Manoban
1617717639-1211,https://archiveofourown.org/works/16112540,Jennie Kim,Lalisa Manoban
1617716941-1058,https://archiveofourown.org/works/16096121,Jennie Kim,Lalisa Manoban
1617717634-1210,https://archiveofourown.org/works/16070321,Jennie Kim,Lalisa Manoban
1617717625-1187,https://archiveofourown.org/works/16024694,Lalisa Manoban,Chaeyoung Park
1617717625-1186,https://archiveofourown.org/works/16024694,Jisoo Kim,Lalisa Manoban
1617717625-1189,https://archiveofourown.org/works/16024694,Jennie Kim,Jisoo Kim
1617717625-1188,https://archiveofourown.org/works/16024694,Jisoo Kim,Chaeyoung Park
1617717625-1190,https://archiveofourown.org/works/16024694,Jennie Kim,Chaeyoung Park
1617717625-1185,https://archiveofourown.org/works/16024694,Jennie Kim,Lalisa Manoban
1617717623-1184,https://archiveofourown.org/works/15994673,Jennie Kim,Lalisa Manoban
1617717620-1178,https://archiveofourown.org/works/15992402,Jennie Kim,Jisoo Kim
1617717620-1183,https://archiveofourown.org/works/15992402,Jennie Kim,Chaeyoung Park
1617717620-1181,https://archiveofourown.org/works/15992402,Jennie Kim,Lalisa Manoban
1617717620-1180,https://archiveofourown.org/works/15992402,Jisoo Kim,Chaeyoung Park
1617717620-1182,https://archiveofourown.org/works/15992402,Lalisa Manoban,Chaeyoung Park
1617717620-1179,https://archiveofourown.org/works/15992402,Jisoo Kim,Lalisa Manoban
1617717667-1231,https://archiveofourown.org/works/15950303,Jennie Kim,Lalisa Manoban
1617717612-1171,https://archiveofourown.org/works/15867825,Jennie Kim,Lalisa Manoban
1617717648-1219,https://archiveofourown.org/works/15857322,Jennie Kim,Lalisa Manoban
1617717610-1170,https://archiveofourown.org/works/15851205,Jennie Kim,Lalisa Manoban
1617717615-1172,https://archiveofourown.org/works/15841644,Jennie Kim,Lalisa Manoban
1617717607-1169,https://archiveofourown.org/works/15820647,Jennie Kim,Lalisa Manoban
1617715575-727,https://archiveofourown.org/works/15806439,Jennie Kim,Lalisa Manoban
1617717604-1168,https://archiveofourown.org/works/15799644,Jisoo Kim,Chaeyoung Park
1617717604-1167,https://archiveofourown.org/works/15799644,Jennie Kim,Lalisa Manoban
1617715617-752,https://archiveofourown.org/works/15798294,Jennie Kim,Lalisa Manoban
1617716984-1110,https://archiveofourown.org/works/15768762,Jennie Kim,Lalisa Manoban
1617717602-1166,https://archiveofourown.org/works/15765459,Jennie Kim,Lalisa Manoban
1617717599-1165,https://archiveofourown.org/works/15761793,Jennie Kim,Lalisa Manoban
1617717628-1201,https://archiveofourown.org/works/15724956,Jennie Kim,Lalisa Manoban
1617717597-1164,https://archiveofourown.org/works/15650517,Jennie Kim,Lalisa Manoban
1617717594-1163,https://archiveofourown.org/works/15642405,Jennie Kim,Lalisa Manoban
1617717592-1162,https://archiveofourown.org/works/15599328,Jennie Kim,Lalisa Manoban
1617716502-989,https://archiveofourown.org/works/15564789,Jennie Kim,Lalisa Manoban
1617717631-1208,https://archiveofourown.org/works/15433185,Jennie Kim,Lalisa Manoban
1617716968-1075,https://archiveofourown.org/works/15426348,Jennie Kim,Lalisa Manoban
1617716968-1078,https://archiveofourown.org/works/15426348,Jisoo Kim,Chaeyoung Park
1617716968-1076,https://archiveofourown.org/works/15426348,Jennie Kim,Jisoo Kim
1617716968-1080,https://archiveofourown.org/works/15426348,Jisoo Kim,Lalisa Manoban
1617716968-1079,https://archiveofourown.org/works/15426348,Jennie Kim,Chaeyoung Park
1617716968-1077,https://archiveofourown.org/works/15426348,Lalisa Manoban,Chaeyoung Park
1617717618-1176,https://archiveofourown.org/works/15406173,Jennie Kim,Lalisa Manoban
1617711855-343,https://archiveofourown.org/works/15323442,Jennie Kim,Lalisa Manoban
1617713974-578,https://archiveofourown.org/works/15200159,Jisoo Kim,Chaeyoung Park
1617713974-577,https://archiveofourown.org/works/15200159,Jennie Kim,Jisoo Kim
1617713974-572,https://archiveofourown.org/works/15200159,Jisoo Kim,Lalisa Manoban
1617713974-571,https://archiveofourown.org/works/15200159,Lalisa Manoban,Chaeyoung Park
1617713974-570,https://archiveofourown.org/works/15200159,Jennie Kim,Chaeyoung Park
1617713974-569,https://archiveofourown.org/works/15200159,Jennie Kim,Lalisa Manoban
1617713974-568,https://archiveofourown.org/works/15200159,Jennie Kim,Jisoo Kim
1617717583-1151,https://archiveofourown.org/works/15153893,Jennie Kim,Jisoo Kim
1617717583-1153,https://archiveofourown.org/works/15153893,Jennie Kim,Lalisa Manoban
1617717583-1152,https://archiveofourown.org/works/15153893,Lalisa Manoban,Chaeyoung Park
1617717583-1154,https://archiveofourown.org/works/15153893,Jisoo Kim,Chaeyoung Park
1617717008-1129,https://archiveofourown.org/works/15083546,Jennie Kim,Lalisa Manoban
1617717008-1130,https://archiveofourown.org/works/15083546,Jisoo Kim,Chaeyoung Park
1617716971-1081,https://archiveofourown.org/works/15081248,Jennie Kim,Lalisa Manoban
1617716971-1082,https://archiveofourown.org/works/15081248,Jisoo Kim,Chaeyoung Park
1617717671-1234,https://archiveofourown.org/works/15063242,Jennie Kim,Lalisa Manoban
1617718200-1333,https://archiveofourown.org/works/15050054,Jennie Kim,Lalisa Manoban
1617718197-1328,https://archiveofourown.org/works/14984270,Jennie Kim,Lalisa Manoban
1617718193-1327,https://archiveofourown.org/works/14802182,Jennie Kim,Lalisa Manoban
1617718190-1326,https://archiveofourown.org/works/14745077,Jennie Kim,Lalisa Manoban
1617718188-1325,https://archiveofourown.org/works/14744894,Jennie Kim,Lalisa Manoban
1617718185-1324,https://archiveofourown.org/works/14744867,Jennie Kim,Lalisa Manoban
1617718182-1323,https://archiveofourown.org/works/14744823,Jennie Kim,Lalisa Manoban
1617715973-818,https://archiveofourown.org/works/14599926,Jennie Kim,Lalisa Manoban
1617715973-821,https://archiveofourown.org/works/14599926,Jennie Kim,Lalisa Manoban
1617718180-1322,https://archiveofourown.org/works/14314074,Jennie Kim,Lalisa Manoban
1617718177-1319,https://archiveofourown.org/works/14292633,Jennie Kim,Lalisa Manoban
1617718177-1320,https://archiveofourown.org/works/14292633,Jisoo Kim,Chaeyoung Park
1617717659-1227,https://archiveofourown.org/works/14281773,Chaeyoung Park,Jisoo Kim
1617717659-1226,https://archiveofourown.org/works/14281773,Jennie Kim,Lalisa Manoban
1617718169-1313,https://archiveofourown.org/works/14269296,Jennie Kim,Lalisa Manoban
1617718167-1312,https://archiveofourown.org/works/14265312,Jennie Kim,Lalisa Manoban
1617718164-1310,https://archiveofourown.org/works/14247102,Jennie Kim,Lalisa Manoban
1617718172-1314,https://archiveofourown.org/works/14234559,Jennie Kim,Lalisa Manoban
1617718172-1315,https://archiveofourown.org/works/14234559,Jisoo Kim,Chaeyoung Park
1617717687-1256,https://archiveofourown.org/works/14214300,Jennie Kim,Jisoo Kim
1617717687-1255,https://archiveofourown.org/works/14214300,Lalisa Manoban,Chaeyoung Park
1617717687-1257,https://archiveofourown.org/works/14214300,Jennie Kim,Lalisa Manoban
1617718160-1305,https://archiveofourown.org/works/14200296,Jennie Kim,Lalisa Manoban
1617718160-1307,https://archiveofourown.org/works/14200296,Jisoo Kim,Lalisa Manoban
1617718160-1306,https://archiveofourown.org/works/14200296,Jennie Kim,Chaeyoung Park
1617710748-43,https://archiveofourown.org/works/14088915,Jisoo Kim,Chaeyoung Park
1617710748-42,https://archiveofourown.org/works/14088915,Jennie Kim,Lalisa Manoban
1617718152-1302,https://archiveofourown.org/works/14083104,Jennie Kim,Lalisa Manoban
1617718149-1300,https://archiveofourown.org/works/14065665,Jisoo Kim,Lalisa Manoban
1617718149-1299,https://archiveofourown.org/works/14065665,Jennie Kim,Chaeyoung Park
1617718149-1301,https://archiveofourown.org/works/14065665,Jennie Kim,Lalisa Manoban
1617713889-496,https://archiveofourown.org/works/14063589,Jennie Kim,Lalisa Manoban
1617718146-1298,https://archiveofourown.org/works/14010432,Jennie Kim,Lalisa Manoban
1617718141-1296,https://archiveofourown.org/works/14004369,Jennie Kim,Lalisa Manoban
1617717656-1222,https://archiveofourown.org/works/13974804,Jennie Kim,Lalisa Manoban
1617714776-699,https://archiveofourown.org/works/13948389,Jennie Kim,Lalisa Manoban
1617714776-696,https://archiveofourown.org/works/13948389,Jennie Kim,Jisoo Kim
1617714776-697,https://archiveofourown.org/works/13948389,Jennie Kim,Chaeyoung Park
1617714776-698,https://archiveofourown.org/works/13948389,Jisoo Kim,Chaeyoung Park
1617711867-353,https://archiveofourown.org/works/13930284,Jisoo Kim,Chaeyoung Park
1617711867-354,https://archiveofourown.org/works/13930284,Jennie Kim,Lalisa Manoban
1617718158-1304,https://archiveofourown.org/works/13903515,Jennie Kim,Lalisa Manoban
1617718139-1295,https://archiveofourown.org/works/13755753,Jennie Kim,Lalisa Manoban
1617718136-1294,https://archiveofourown.org/works/13735503,Jennie Kim,Lalisa Manoban
1617718155-1303,https://archiveofourown.org/works/13698930,Jennie Kim,Lalisa Manoban
1617718131-1290,https://archiveofourown.org/works/13586046,Jennie Kim,Lalisa Manoban
1617718128-1287,https://archiveofourown.org/works/13585722,Jennie Kim,Lalisa Manoban
1617717589-1161,https://archiveofourown.org/works/13337997,Jennie Kim,Lalisa Manoban
1617718123-1282,https://archiveofourown.org/works/13334970,Jisoo Kim,Chaeyoung Park
1617718123-1281,https://archiveofourown.org/works/13334970,Jennie Kim,Lalisa Manoban
1617718120-1280,https://archiveofourown.org/works/13313490,Jennie Kim,Lalisa Manoban
1617718134-1292,https://archiveofourown.org/works/13229370,Jennie Kim,Lalisa Manoban
1617718134-1291,https://archiveofourown.org/works/13229370,Jisoo Kim,Chaeyoung Park
1617718117-1278,https://archiveofourown.org/works/12878889,Lalisa Manoban,Chaeyoung Park
1617718117-1279,https://archiveofourown.org/works/12878889,Jennie Kim,Lalisa Manoban
1617718115-1277,https://archiveofourown.org/works/12870372,Jennie Kim,Lalisa Manoban
1617718112-1275,https://archiveofourown.org/works/12782361,Jisoo Kim,Chaeyoung Park
1617718112-1276,https://archiveofourown.org/works/12782361,Jennie Kim,Lalisa Manoban
1617718109-1273,https://archiveofourown.org/works/12777246,Lalisa Manoban,Chaeyoung Park
1617718109-1272,https://archiveofourown.org/works/12777246,Jennie Kim,Lalisa Manoban
1617718109-1274,https://archiveofourown.org/works/12777246,Lalisa Manoban,Chaeyoung Park
1617718104-1270,https://archiveofourown.org/works/12396036,Jennie Kim,Lalisa Manoban
1617718126-1284,https://archiveofourown.org/works/12305931,Jisoo Kim,Chaeyoung Park
1617718126-1283,https://archiveofourown.org/works/12305931,Jennie Kim,Lalisa Manoban
1617717586-1160,https://archiveofourown.org/works/12180468,Jennie Kim,Lalisa Manoban
1617717645-1215,https://archiveofourown.org/works/12043722,Jisoo Kim,Lalisa Manoban
1617717645-1213,https://archiveofourown.org/works/12043722,Jennie Kim,Lalisa Manoban
1617717645-1214,https://archiveofourown.org/works/12043722,Jennie Kim,Jisoo Kim
1617718101-1269,https://archiveofourown.org/works/12000681,Jennie Kim,Lalisa Manoban
1617718099-1268,https://archiveofourown.org/works/11960538,Jennie Kim,Lalisa Manoban
1617718099-1267,https://archiveofourown.org/works/11960538,Jennie Kim,Jisoo Kim
1617718096-1265,https://archiveofourown.org/works/11909994,Jennie Kim,Lalisa Manoban
1617718096-1266,https://archiveofourown.org/works/11909994,Lalisa Manoban,Chaeyoung Park
1617718090-1263,https://archiveofourown.org/works/11742417,Jennie Kim,Lalisa Manoban
1617718093-1264,https://archiveofourown.org/works/11547417,Jennie Kim,Lalisa Manoban
1617718607-1373,https://archiveofourown.org/works/11496231,Jennie Kim,Lalisa Manoban
1617718609-1374,https://archiveofourown.org/works/11435628,Jisoo Kim,Chaeyoung Park
1617718609-1375,https://archiveofourown.org/works/11435628,Jennie Kim,Lalisa Manoban
1617718609-1376,https://archiveofourown.org/works/11435628,Lalisa Manoban,Chaeyoung Park
1617718604-1372,https://archiveofourown.org/works/11158194,Jennie Kim,Lalisa Manoban
1617718601-1371,https://archiveofourown.org/works/11110704,Jennie Kim,Lalisa Manoban
1617718599-1370,https://archiveofourown.org/works/11101485,Jennie Kim,Lalisa Manoban
1617718175-1316,https://archiveofourown.org/works/11025066,Jennie Kim,Lalisa Manoban
1617718596-1369,https://archiveofourown.org/works/11013240,Jennie Kim,Lalisa Manoban
1617718593-1368,https://archiveofourown.org/works/10954386,Jennie Kim,Lalisa Manoban
1617718593-1367,https://archiveofourown.org/works/10954386,Lalisa Manoban,Chaeyoung Park
1617718591-1365,https://archiveofourown.org/works/10923024,Jennie Kim,Lalisa Manoban
1617718588-1359,https://archiveofourown.org/works/10862199,Jisoo Kim,Lalisa Manoban
1617718588-1363,https://archiveofourown.org/works/10862199,Jennie Kim,Lalisa Manoban
1617718588-1360,https://archiveofourown.org/works/10862199,Lalisa Manoban,Chaeyoung Park
1617718588-1361,https://archiveofourown.org/works/10862199,Jennie Kim,Chaeyoung Park
1617718588-1362,https://archiveofourown.org/works/10862199,Jisoo Kim,Chaeyoung Park
1617718588-1358,https://archiveofourown.org/works/10862199,Jennie Kim,Jisoo Kim
1617718582-1354,https://archiveofourown.org/works/10665516,Lalisa Manoban,Chaeyoung Park
1617718582-1355,https://archiveofourown.org/works/10665516,Jennie Kim,Lalisa Manoban
1617718582-1353,https://archiveofourown.org/works/10665516,Jisoo Kim,Lalisa Manoban
